ID;Nombre;Descripcion;EdadMinima;EdadMaxima;Duracion;NumeroJugadoresMinimo;NumeroJugadoresmaximo;Puntuacion;NumUsos;Objetivo;Tipo;ImagenURL;Fuente
1;Pase de antebrazos simple;Jugador A lanza un balón a C, quien lo devuelve a A con un pase de antebrazos. Después de 10-20 pases, A y C se cambian los roles, pasando a C prima y B.;1;99;10;2;40;0;0;Recepción;Técnica;./images/ejer1.png;1000 ejercicios/pág.54
2;Pase de antebrazos en grupo;Jugador F se mueve hasta el jugador A y este le lanza un balón, y lo devuelve con un toque de antebrazos. Tras esto, hace lo mismo con el jugador B y el resto del equipo. Al acabar, otro jugador pasa a tomar el puesto del jugador F y se repite el ejercicio.;1;99;15;5;20;0;0;Recepción;Técnica;./images/ejer2.png;1000 ejercicios/pág.54
3;Pase de antebrazos con movimiento atrás y adelante;Por parejas, un miembro lanza el balón y el compañero lo recibe con un toque de antebrazos realizando un desplazamiento hacia atrás. Tras esto, se vuelve a lanzar el balón y el compañero lo recibe del mismo modo, pero desplazándose hacia adelante. Se repite 10 veces y los compañeros se intercambian los papeles.;1;99;10;2;20;0;0;Recepción;Técnica;./images/ejer3.png;1000 ejercicios/pág.54
4;Toque de dedos simple;Por parejas, un miembro lanza el balón y el compañero lo recibe con un toque de dedos, devolviéndoselo. Tras esto, rápidamente debe tumbarse en el suelo y levantarse para volver a repetir el ejercicio. Tras 10 repeticiones, los compañeros se intercambian los papeles.;1;40;10;2;40;0;0;Colocación;Técnica;./images/ejer4.png;1000 ejercicios/pág.54
5;Toque de dedos en despazamiento;Por tríos, un miembro lanza un balón al compañero que se encuentra entre ambos. Este jugador, realiza un toque de dedos y procede a girarse. El tercer compañero le lanza otro balón, y como se ha girado, lo vuelve a recibir con un toque de dedos hacia el tercer compañero. Tras 15 repeticiones, uno de los lanzadores pasa a ser el jugador del medio y realiza el ejercicio. El ejercicio termina cuando los tres jugadores lo han realizado.;1;99;15;3;20;0;0;Colocación;Técnica;./images/ejer5.png;1000 ejercicios/pág.54
6;Toque de dedos con bote en el suelo;Cada jugador debe realizar un toque de dedos hacia arriba, con suficiente fuerza para que el balón bote en el suelo, y el mismo jugador pueda volver a tomar el balón con las manos y vuelva a realizar un toque de dedos.;1;99;10;1;40;0;0;Colocación;Técnica;./images/ejer6.png;1000 ejercicios/pág.55
7;Remate contra la pared;Cada jugador toma un balón con la mano no dominante, lo lanza a una altura media y procede a realizar un remate con la mano dominante hacia una pared. El objetivo es que el balón toque el suelo, rebote contra la pared y se pueda realizar un segundo remate directamente.;10;99;10;1;40;0;0;Remate;Técnica;./images/ejer7.png;1000 ejercicios/pág.72
8;Remate y pase de dedos;Por parejas, un jugador realiza un remate hacia el suelo. Al rebotar, el segundo compañero debe realizar un toque de dedos y devolver el balón al primero.;10;99;15;2;40;0;0;Remate;Técnica;./images/ejer8.png;1000 ejercicios/pág.72
9;Remate directo al compañero;Por parejas, A toma un balón y lo remata por encima de la red, que se encuentra a una altura cómoda de remate, B lo toma con las manos y se lo devuelve a A haciéndolo rodar por el suelo. Tras 20 remates, los jugadores se intercambian los papeles.;10;99;15;2;40;0;0;Remate;Técnica;./images/ejer9.png;1000 ejercicios/pág.72
10;Defensa de remate desde un banco;Por tríos, A se sitúa encima de un banco y realiza un remate a B. Este lo debe recibir correctamente hacia delante y pasárselo a C, que se encuentra entre ambos. Por último, C le pasa de vuelta el balón a A y se repite el ejercicio. ;14;40;10;3;40;0;0;Defensa;Técnica;./images/ejer10.png;1000 ejercicios/pág.87
11;Defensa de remate suave;Por parejas, A lanza un balón suave por encima de la red y B lo debe recibir intentando que el balón vaya cerca de la red. A pasa por debajo de la misma y toma el balón para repetirlo.;10;40;10;2;40;0;0;Defensa;Técnica;./images/ejer11.png;1000 ejercicios/pág.87
12;Defensa de remate múltiple;En grupos de 5, B se sitúa de cara hacia el resto. Los cuatro compañeros restantes realizan un remate suave hacia B y éste lo recibe devolviendo el balón hacia sus compañeros. Tras haber recibido correctamente 15 remates, otro jugador pasa al papel de B, y B pasa a ser uno de los rematadores. El ejercicio termina cuando los 5 jugadores han recibido todos los balones.;14;40;20;5;30;0;0;Defensa;Técnica;./images/ejer12.png;1000 ejercicios/pág.87
13;Saque apuntando a zona central;Todo el equipo se divide en los dos campos y procede a realizar un saque desde línea de fondo. El objetivo es que el balón caiga en la zona central, o la zona marcada por el entrenador.;10;99;15;2;40;0;0;Saque;Técnica;./images/ejer13.png;1000 ejercicios/pág.91
14;Saque apuntando a un compañero;A y B se turnan para realizar un saque a C, que se encuentra en el campo contrario. C debe ser capaz de recibir el saque y pasárselo a D, que tomará el balón y se lo volverá a pasar a A y a B.;10;99;15;4;40;0;0;Saque;Técnica;./images/ejer14.png;1000 ejercicios/pág.92
15;Saque apuntando a un compañero y terminando la jugada;A y B se turnan para realizar un saque a C, que se encuentra en el campo contrario. Este debe ser capaz de recibir el balón hacia su colocador, que colocará la pelota y C, u otro compañero, acabará la jugada con un remate.;14;99;15;8;40;0;0;Saque;Táctica;./images/ejer15.png;1000 ejercicios/pág.92
16;Bloqueo simple;Por parejas, A y B se sitúan pegados a la red. A lanza un balón por encima y B lo baja hacia el suelo con el gesto de bloqueo. Tras 15 repeticiones, A y B se intercambian los papeles.;10;99;5;2;40;0;0;Bloqueo;Técnica;./images/ejer16.png;1000 ejercicios/pág.82
17;Bloqueo por zona 3 y 4;Por tríos, A realiza un remate desde zona 4 por encima de la red y C bloquea. Tras ello, B realiza un remate desde zona 3 y C se desplaza hasta allí y bloquea el remate. Tras 10 remates, otro jugador pasa a realizar el bloqueo.;14;99;15;3;40;0;0;Bloqueo;Táctica;./images/ejer17.png;1000 ejercicios/pág.83
18;Bloqueo y desplazamiento de defensa;Por tríos, A salta en la red sosteniendo el balón, y B empuja la bola con el gesto de bloqueo. Tras ello, C lanza un balón complicado en el campo de B, y este lo recibí con desplazamiento.;14;99;12;3;40;0;0;Bloqueo;Técnica;./images/ejer18.png;1000 ejercicios/pág.83
19;Gestos de voleibol con globo;Cada jugador toma un globo y realiza 10 toques de antebrazos y 10 toques de dedos. El ejercicio se termina cuando todos los jugadores lo han conseguido completar sin que el globo toque el suelo.;5;12;8;1;40;0;0;Recepción;Técnica;;Propia
20;Coordinación óculo-manual con globos;Cada jugador toma dos globos y los golpea simultáneamente con las palmas de mano izquierda y derecha. Se debe intentar mantener los dos globos en el aire a la vez el mayor tiempo que se pueda.;5;12;8;1;20;0;0;Equilibrado;Técnica;;Propia
21;Remate con globo;Cada jugador toma un globo y lo lanza al aire por encima de su cabeza. Tras realizar un pequeño salto, el jugador debe golpear el globo con la palma de la mano apuntando hacia el suelo.;5;12;8;1;40;0;0;Remate;Técnica;;Propia
22;Calentamiento básico 1;El equipo realiza al mismo tiempo una serie de gestos para calentar, cada ejercicio tiene una duración de unos 30 segundos. Se procederá a: hacer círculos con los hombros, levantar las rodillas balanceando los brazos, hacer pequeños balanceos sobre la espalda y levantar las rodillas.;5;99;2;1;40;0;0;Equilibrado;Físico;./images/ejer19.png;1000 ejercicios/pág.177
23;Calentamiento básico 2;"El equipo realiza al mismo tiempo una serie de gestos para calentar, cada ejercicio tiene una duración de unos 30 segundos. Se procederá a: hacer ""8""s con ambos brazos, hacer círculos de hombros inclinados hacia delante, tocar ambos pies con la mano contraria y levantar ambos brazos.";5;99;2;1;40;0;0;Equilibrado;Físico;./images/ejer20.png;1000 ejercicios/pág.177
24;Calentamiento básico 3;El equipo realiza al mismo tiempo una serie de gestos para calentar, cada ejercicio tiene una duración de unos 40 segundos. Se procederá a: arquear y hundir la espalda estando apoyado en el suelo sobre manos y rodillas, elevar ambos brazos apoyando el peso del cuerpo sobre la pierna derecha y luego izquierda, e inclinarse hacia atrás doblando ligeramente las rodillas con las piernas separadas(sin forzar, se intentará tocar los talones con las manos).;5;99;2;1;40;0;0;Equilibrado;Físico;./images/ejer21.png;1000 ejercicios/pág.177
25;Calentamiento básico 4;El equipo realiza al mismo tiempo una serie de gestos para calentar, cada ejercicio tiene una duración de unos 40 segundos. Se procederá a: hacer círculos con la pelvis, sentarse a izquierda y derecha de rodillas sin ayuda de las manos, y realizar círculos con el tronco.;5;99;2;1;40;0;0;Equilibrado;Físico;./images/ejer22.png;1000 ejercicios/pág.177
26;Calentamiento básico 5;El equipo realiza al mismo tiempo una serie de gestos para calentar, cada ejercicio tiene una duración de unos 40 segundos. Se procederá a: rotar hombros saltando, agarrar ambas manos por detrás de la espalda estirando y elevar el torso doblando las rodillas y con suavidad tocar las rodillas con la cabeza.;5;99;2;1;40;0;0;Equilibrado;Físico;./images/ejer23.png;1000 ejercicios/pág.177
27;Juego 3 contra 3 con colocador en movimiento;En cada campo se colocan 3 jugadores y el colocador se sitúa en la mitad de uno de los campos. El entrenador lanza un balón a uno de los jugadores y se monta la jugada acabando en remate suave. Tras ello, rápidamente el colocador se desplaza por debajo de la red al otro campo y se monta la jugada en el mismo. El ejercicio continúa hasta que el balón cae al suelo.;14;99;15;7;14;0;0;Colocación;Técnica;./images/ejer24.png;1000 ejercicios/pág.139
28;Contraataque en situación de estrés;En cada campo se colocan 3 jugadores de campo y un colocador. El entrenador lanza un balón a uno de los jugadores y se monta jugada, permitiendo solamente el remate desde zona zaguera. Si el balón cae al suelo, el entrenador lanza rápidamente otro balón al equipo que ha perdido el punto, sin parar el juego.;14;99;10;8;16;0;0;Defensa;Técnica;./images/ejer25.png;1000 ejercicios/pág.139
29;Imitación de posiciones;Organizados en fila india, los jugadores realizan la imitación de las posiciones de juego en todas sus versiones: gesto defensivo alto, bajo y con desplazamiento a cada lado.;4;18;5;1;99;0;0;Recepción;Técnica;;Dialnet-EjerciciosParaElJugadorLiberoEnElVoleibolComoDepor
30;Imitación de desplazamientos;Organizados en el campo como indica la imagen, los distintos jugadores se moverán para realizar los desplazamientos de defensa. El entrenador los podrá parar en determinados momentos para que quedan fijados y se den cuenta de la posición corporal. Los puntos rojos son los líberos y las líneas, el desplazamiento a realizar.;4;18;5;1;99;0;0;Recepción;Técnica;./images/ejer26.png;Dialnet-EjerciciosParaElJugadorLiberoEnElVoleibolComoDepor
31;Movimientos con los ojos cerrados;Se mandará recorrer una distancia corta, lanzar un balón o pelota pequeña a una determinada zona del campo o correr una distancia en un tiempo dado, con los ojos cerrados, con el objetivo de aumentar la consciencia del campo para el jugador.;14;40;5;1;99;0;0;Equilibrado;Equilibrado;;Dialnet-EjerciciosParaElJugadorLiberoEnElVoleibolComoDepor
32;Pases de balón a zona alejada;Realizar una serie de pases adelantados en carrera por parejas, capturar el balón antes de que salga por la línea final del campo.;4;40;8;2;20;0;0;Equilibrado;Equilibrado;;Dialnet-EjerciciosParaElJugadorLiberoEnElVoleibolComoDepor
33;Salidas en carrera;Salidas en carrera por parejas en distintas posiciones del campo, específicas o no, a coger un balón lanzado adelante, compitiendo con el compañero.;4;40;5;2;40;0;0;Equilibrado;Físico;;Dialnet-EjerciciosParaElJugadorLiberoEnElVoleibolComoDepor
34;Salidas en carrera tocando línea;Salidas en carrera por parejas o cuartetos desde línea de fondo, tocando la línea de mitad de campo y volviendo corriendo a la zona de partida. 10 repeticiones intercaladas con 10 segundos de descanso.;4;40;6;2;40;0;0;Equilibrado;Físico;./images/ejer27.png;Dialnet-EjerciciosParaElJugadorLiberoEnElVoleibolComoDepor
35;Desplazamientos bordeando obstáculos;Sobre dos referencias separadas 2-4 metros, pueden ser conos o aros,  el jugador realizará desplazamientos bordeándolas. Cada vez realizará un tipo de desplazamiento diferente al anterior, pudiendo ser recto,lateral o con paso cruzado.;4;40;5;2;20;0;0;Equilibrado;Físico;;Dialnet-EjerciciosParaElJugadorLiberoEnElVoleibolComoDepor
36;Pareja de sombra;Por parejas, uno ejecuta rápidamente distintos tipos de desplazamientos y acciones comunicados por el entrenador y el compañero actuará como espejo desplazándose y realizando los ejercicios tan rápidamente como pueda e imitando al compañero.;4;40;5;2;40;0;0;Equilibrado;Equilibrado;;Dialnet-EjerciciosParaElJugadorLiberoEnElVoleibolComoDepor
37;Robo de balón en sprint;Aceleración del jugador para interceptar un balón que se pasan a ritmo constante dos compañeros en una posición estática. Distancia a la línea de pase 3m.;4;40;5;2;40;0;0;Equilibrado;Equilibrado;;Dialnet-EjerciciosParaElJugadorLiberoEnElVoleibolComoDepor
38;Movimiento por referencias;Por parejas o tríos, actúan simultáneamente desplazándose entre dos referencias según las indicaciones del profesor: hacia delante, hacia atrás, posición defensiva, puede haber más de dos referencias.;1;99;6;1;40;0;0;Equilibrado;Físico;;Dialnet-EjerciciosParaElJugadorLiberoEnElVoleibolComoDepor
39;Estiramiento de hombros y espalda;Los jugadores, en una superficie cómoda como una colchoneta, apoyan una mano en el suelo mientras con la otra extienden su cuerpo en forma lateral sobre el suelo. Esta ejercitación se hace de uno y otro lado.;1;99;1;1;40;0;0;Equilibrado;Físico;;Dialnet-EjerciciosParaElJugadorLiberoEnElVoleibolComoDepor
40;Acrobacias sobre el suelo;Mantener el equilibrio por parejas,  con distintas posiciones y movimientos de las piernas, volteretas hacia delante o hacia atrás normales o lanzadas, solos o por parejas, y ruedas laterales.;8;20;5;2;40;0;0;Equilibrado;Físico;;Dialnet-EjerciciosParaElJugadorLiberoEnElVoleibolComoDepor
41;Pases por parejas intercambiando balón;Pases de dedos y antebrazos entre un jugador A y otro jugador B mientras se intercambian un segundo balón de manera controlada.;12;99;8;2;40;0;0;Recepción;Técnica;./images/ejer28.png;Dialnet-EjerciciosParaElJugadorLiberoEnElVoleibolComoDepor
42;Pases por parejas manteniendo globo;Pases entre A y B. A tratando de mantener un globo en el aire, tras 10 pases, B pasa a usar el globo.;4;99;8;2;40;0;0;Recepción;Técnica;./images/ejer29.png;Dialnet-EjerciciosParaElJugadorLiberoEnElVoleibolComoDepor
43;Toque de antebrazos con pared;A y B se sitúan uno detrás del otro, y se envían el balón pasando por la pared, tocándolo de antebrazos. Tras 10 toques, A y B intercambian roles.;8;99;5;2;20;0;0;Recepción;Técnica;./images/ejer30.png;Dialnet-EjerciciosParaElJugadorLiberoEnElVoleibolComoDepor
44;Pases a diferentes longitudes;A hace pases de diferentes longitudes. B va a colocarse cada vez debajo del balón para hacer un pase al jugador A, se pueden incluir saltos. A y B se intercambian los roles cada 10 toques de balón.;8;99;8;2;40;0;0;Recepción;Técnica;./images/ejer31.png;Dialnet-EjerciciosParaElJugadorLiberoEnElVoleibolComoDepor
45;Pases por parejas en red;Pases 1 contra 1 sobre una pequeña altura, por encima de la red. El entrenador colocará la red a una altura dependiente de la edad y nivel de los jugadores.;8;99;8;2;40;0;0;Recepción;Técnica;./images/ejer32.png;Dialnet-EjerciciosParaElJugadorLiberoEnElVoleibolComoDepor
46;Serie de pases con giro intermedio;B hace un pase al jugador A (distancia de 6-9m) y sigue su balón dando una vuelta completa sobre sí mismo (360º) a medio camino. A hace un pase a B, B un pase al A.;8;99;8;2;40;0;0;Recepción;Técnica;./images/ejer33.png;Dialnet-EjerciciosParaElJugadorLiberoEnElVoleibolComoDepor
47;Devolver balón al campo;Por parejas con un balón, uno lanza el balón fuera del campo, el compañero sigue el balón y lo regresa hacia el interior del campo con un gesto de antebrazos, colocando el cuerpo hacia el compañero.;6;99;4;2;40;0;0;Recepción;Técnica;./images/ejer34.png;Dialnet-EjerciciosParaElJugadorLiberoEnElVoleibolComoDepor
48;Devolver remate y finta;El entrenador remata un balón a media velocidad y lanza un segundo balón con una finta suave sobre el mismo jugador líbero.;12;50;8;1;6;0;0;Recepción;Técnica;./images/ejer35.png;Dialnet-EjerciciosParaElJugadorLiberoEnElVoleibolComoDepor
49;Colocación y remate sobre líbero;En tríos con un balón, el jugador A (Pasador), coloca de dedos sobre B (otro jugador), éste golpea sobre C (Líbero), que la devuelve al jugador A, este ejercicio se realiza en las diferentes trayectorias del campo.;12;50;8;3;18;0;0;Recepción;Táctica;./images/ejer36.png;Dialnet-EjerciciosParaElJugadorLiberoEnElVoleibolComoDepor
50;Toque de antebrazos sobre canasta;Recepción de frente, hacia ambos lados, lanzamiento de plancha y pase de antebrazos al aro de baloncesto, el líbero se incorporara lo más rápido que pueda para realizar el pase con los antebrazos.;12;50;10;1;18;0;0;Recepción;Técnica;./images/ejer37.png;Dialnet-EjerciciosParaElJugadorLiberoEnElVoleibolComoDepor
51;Toque de antebrazos sentado;Sentado en el suelo, golpe de antebrazos contra la pared hacia dos marcas una arriba y otra en la parte inferior.;6;40;6;1;40;0;0;Recepción;Técnica;./images/ejer38.png;Dialnet-EjerciciosParaElJugadorLiberoEnElVoleibolComoDepor
52;Toques individuales en línea;El propio jugador se lanza el balón y realiza de uno a tres toques de antebrazos y avanza por todo el campo, fijándose una línea como referencia.;6;40;6;1;40;0;0;Recepción;Técnica;./images/ejer39.png;Dialnet-EjerciciosParaElJugadorLiberoEnElVoleibolComoDepor
53;Recepción de saques flotantes;Recepción de saques flotantes desde una distancia de 7 metros de la red. En la zona 1, con la pierna derecha adelantada y en la zona 6, con las piernas parejas colocado de frente al jugador que ejecuta el saque. Se apuntará a zona 2 y a zona 3.;14;40;10;2;20;0;0;Recepción;Táctica;./images/ejer40.png;Dialnet-EjerciciosParaElJugadorLiberoEnElVoleibolComoDepor
54;Recepción de saques flotantes por parejas;Los saques flotantes a una distancia de 7 metros de la red y recepción de dos jugadores situados a una distancia de 2 metros uno al lado del otro, el jugador que no recepciona el saque, sale corriendo hacia la zona 3 en busca del balón recepcionado por su compañero y se la envía al jugador que realizó en saque.;14;40;10;3;20;0;0;Recepción;Táctica;./images/ejer41.png;Dialnet-EjerciciosParaElJugadorLiberoEnElVoleibolComoDepor
55;Recepción de saques flotantes cambiando de zona;Recepción de saques flotantes desde una distancia de 7 metros de la red. El jugador receptor efectuará la recepción empezando en zona 1, y siguiendo en zona 6 y 5.;14;40;10;3;20;0;0;Recepción;Táctica;;Dialnet-EjerciciosParaElJugadorLiberoEnElVoleibolComoDepor
56;Recepción de saques de potencia por parejas;Saques en suspensión de potencia dirigidos hacia la zona 1 y 6 donde se encuentran los jugadores líberos realizando la recepción de los mismos con el pie derecho algo adelantado en el zona 1 y con los pies parejos en la zona 6 pero colocado de frente al jugador que ejecutará el saque. Después de cada recepción del saque, realizar caídas de plancha en la zona 1 hacia la derecha.;14;40;10;3;20;0;0;Recepción;Táctica;;Dialnet-EjerciciosParaElJugadorLiberoEnElVoleibolComoDepor
57;Recepción de saques con plancha;Saques en suspensión de potencia dirigidos hacia la zona 1 y 6 donde se encuentran los jugadores líberos realizando la recepción de los mismos con el pie derecho algo adelantado en el zona 1 y con los pies parejos en la zona 6 pero colocado de frente al jugador que ejecutara el saque.;14;40;10;3;20;0;0;Recepción;Táctica;;Dialnet-EjerciciosParaElJugadorLiberoEnElVoleibolComoDepor
58;Juego 3 contra 3 para líberos;Juego de 3 jugadores líberos contra 3 jugadores restantes, los líberos deben enviar el balón al terreno contrario después de realizar la recepción correcta hacia la 3, los jugadores contrarios, además de realizar el saque, pueden rematar desde zona zaguera.;14;40;15;6;12;0;0;Recepción;Táctica;./images/ejer42.png;Dialnet-EjerciciosParaElJugadorLiberoEnElVoleibolComoDepor
59;Juego 2 contra 2 en media pista;Juego de 2 jugadores líberos y un colocador contra 2 jugadores restantes y un colocador. Se realizará en media pista y comenzará con un saque hacia los líberos.;14;40;15;12;24;0;0;Recepción;Táctica;./images/ejer43.png;Dialnet-EjerciciosParaElJugadorLiberoEnElVoleibolComoDepor
60;Defensa de remate y fintas por parejas;El jugador líbero o receptor se coloca de frente a la red y al compañero que le realizará varios ataques y fintas de manera diagonal, las que este deberá defender enviando el balón a su compañero, separados a 5 metros de distancia.;14;40;8;2;20;0;0;Defensa;Técnica;./images/ejer44.png;Dialnet-EjerciciosParaElJugadorLiberoEnElVoleibolComoDepor
61;Defensa de remate y fintas diagonales por parejas;El jugador líbero o receptor se coloca de frente a la red y al compañero que le realizará varios ataques y fintas las que este deberá defender enviando el balón a su compañero, separados a 5 metros de distancia.;14;40;8;2;20;0;0;Defensa;Técnica;;Dialnet-EjerciciosParaElJugadorLiberoEnElVoleibolComoDepor
62;Defensa de remate con colocación;Un rematador B recibe el balón de A (colocador) y remata hacia C (líbero) quien defiende hacia A.;14;40;8;3;20;0;0;Defensa;Técnica;./images/ejer45.png;Dialnet-EjerciciosParaElJugadorLiberoEnElVoleibolComoDepor
63;Defensa de remate desde zonas 2 y 4;Defienden tres jugadores líberos cada uno en una zona zaguera dirigiendo el balón hacia un colocador, que colocará el balón a dos atacantes que se encuentran en las esquinas de las zonas 4 y 2 para darle continuidad al balón y a la defensa del mismo.;14;40;8;3;20;0;0;Defensa;Técnica;./images/ejer46.png;Dialnet-EjerciciosParaElJugadorLiberoEnElVoleibolComoDepor
64;Remate desde zona 4 y defensa en zona 5 y 6;Dos jugadores líberos ubicados en la zona 5 y 6 defienden remates diagonales de sus compañeros desde el terreno contrario eb zona 4 dirigiendo el balón hacia la zona 3 con planchas después de cada defensa del campo.;14;40;10;4;20;0;0;Defensa;Técnica;./images/ejer47.png;Dialnet-EjerciciosParaElJugadorLiberoEnElVoleibolComoDepor
65;Remate desde zona 2 y defensa en zona 5 y 7;Dos jugadores líberos ubicados en la zona 5 y 6 defienden remates diagonales de sus compañeros desde el terreno contrario en zona 3 dirigiendo el balón hacia la zona 3 con planchas después de cada defensa del campo.;14;40;10;4;20;0;0;Defensa;Técnica;;Dialnet-EjerciciosParaElJugadorLiberoEnElVoleibolComoDepor
66;Bloqueo por parejas y defensa zaguera;Un rematador A frente a dos bloqueadores B, C. El rematador se lanza auto pase y remata por un lado o por arriba, los bloqueadores saltan, el líbero está a cuatro metros atrás, observa al rematador y defiende el balón lanzado.;14;40;8;4;20;0;0;Bloqueo;Táctica;./images/ejer48.png;Dialnet-EjerciciosParaElJugadorLiberoEnElVoleibolComoDepor
67;Defensa en zona 5 de doble remate;Un líbero defiende en zona 5 a dos jugadores que rematan desde zona 2 y 4 en el campo contrario, en la línea y diagonal. El jugador líbero defiende un remate diagonal y uno sobre la línea.;14;40;8;4;20;0;0;Defensa;Técnica;;Dialnet-EjerciciosParaElJugadorLiberoEnElVoleibolComoDepor
68;Defensa de remates centrales;Defensa de remates de primer tiempo realizado por jugadores centrales, donde los líberos deben realizar la defensa de los mismos hacia la zona marcada en el terreno.;14;40;8;4;20;0;0;Defensa;Táctica;./images/ejer49.png;Dialnet-EjerciciosParaElJugadorLiberoEnElVoleibolComoDepor
69;Remates desde zona 3 y 4 con continuidad;Ejercicio para trabajar la defensa, conjuntamente con la colocación y el remate diagonal desde la zona 4 y de primer tiempo desde la zona 3, dándole continuidad al ejercicio.;14;40;12;6;30;0;0;Equilibrado;Táctica;./images/ejer50.png;Dialnet-EjerciciosParaElJugadorLiberoEnElVoleibolComoDepor
70;Juego 3 contra 3 en media pista;Juego de 3 contra 3 tomando la mitad de la cancha, en uno de estos equipos se encuentran un jugador líbero, un colocador y un rematador que realiza los remates hacia el jugador líbero, este defiende hacia el pasador y continúa el juego.;14;40;15;12;24;0;0;Defensa;Táctica;./images/ejer51.png;Dialnet-EjerciciosParaElJugadorLiberoEnElVoleibolComoDepor
71;Juego 4 contra 4, rematadores contra líberos;Juego de 4 contra 4 con un bloqueo activo para que se organice observando hacia donde se coloca el bloqueador, en uno de estos equipos se encuentran los tres jugadores líberos y un pasador donde este equipo lo único que realiza son acciones defensivas, todo lo contrario al otro equipo que puede realizar ataques zagueros.;14;40;15;12;24;0;0;Defensa;Táctica;./images/ejer52.png;Dialnet-EjerciciosParaElJugadorLiberoEnElVoleibolComoDepor
72;Juego 6 contra 6 con saque hacia el líbero;Juego de 6 contra 6 jugadores K-1 contra K-2 con la tarea definida de realizar el saque hacia el jugador líbero en el K-1, se realiza el remate de forma diagonal por la zona 4 y lineal por la zona 2, por el centro del terreno no hay remate para que el bloqueo se oriente en la forma que se desea que defienda el jugador líbero.;14;40;20;12;24;0;0;Equilibrado;Táctica;;Dialnet-EjerciciosParaElJugadorLiberoEnElVoleibolComoDepor
73;Fuerza con brazos y piernas;Dos jugadores, espalda contra espalda y sentados, intentan desequilibrarse empujándose mutuamente hasta que alguno salga de la línea de 3 metros. Se puede hacer de cara agarrándose las manos.;6;18;4;2;40;0;0;Equilibrado;Físico;./images/ejer53.png;1000 ejercicios/pág.19
74;Equilibrio en plancha;Los dos jugadores se tumban en el suelo en posición de plancha, con una mano levantada, con la cual deberán intentar hacer caer al compañero sin perder el equilibrio.;6;18;4;2;40;0;0;Equilibrado;Físico;./images/ejer54.png;1000 ejercicios/pág.19
75;Fuerza de piernas;Dos jugadores agachados en cuclillas tratan de empujarse fuera de la zona de 3 metros utilizando manos y hombros.;6;18;4;2;40;0;0;Equilibrado;Físico;./images/ejer55.png;1000 ejercicios/pág.19
76;Fuerza de brazos;Dos jugadores de pie sobre una línea, tratan de desequilibrarse mutuamente o leventar el pie de la línea. Para ello, pueden empujarse con las manos.;6;18;4;2;40;0;0;Equilibrado;Físico;./images/ejer56.png;1000 ejercicios/pág.19
77;Sumo;Dos jugadores se sitúan frente a frente, con los pies separados y las palmas de las manos dirigidas al compañero. A la señal del entrenador, cada uno trata de desequilibrar al otro, de tal modo que sus dos pies no toquen el suelo.;6;18;5;2;40;0;0;Equilibrado;Físico;./images/ejer57.png;1000 ejercicios/pág.19
78;Reacción de perro y amo;Un jugador se sitúa de cuclillas al lado del otro. El jugador que está de pie se mueve de manera aleatoria por el campo, y el otro le debe seguir de cuclillas lo más rápido que pueda, situándose al lado de su pie izquierdo. A la mitad del ejercicio, los dos compañeros cambian sus roles.;6;18;4;2;40;0;0;Equilibrado;Físico;./images/ejer58.png;1000 ejercicios/pág.19
79;Persecución por parejas;Uno de los jugadores trata de atrapar al otro. Cuando consigue tocarle, cambian de rol. Se puede realizar una variante, realizando el ejercicio a la pata coja.;6;18;5;2;40;0;0;Equilibrado;Físico;./images/ejer59.png;1000 ejercicios/pág.20
80;La carretilla;Las parejas recorren una distancia de 9 metros, sujetando uno al otro por los pies, mientras este avanza sobre las manos. Se cambian los roles a cada vuelta.;6;18;4;2;40;0;0;Defensa;Físico;./images/ejer60.png;1000 ejercicios/pág.20
81;Las ranas;Los jugadores sostienen un balón de voleibol entre las piernas y avanzan con saltos de rana. Los cazadores avanazan del mismo modo, pero sujetando un balón de baloncesto. Cuando un jugador logra tocar a otro o se le escapa el balón, se intercambian los roles.;6;18;4;2;40;0;0;Defensa;Físico;./images/ejer61.png;1000 ejercicios/pág.20
82;El oro de China;3-10 jugadores intentan pasar por encima de los obstáculos y escapar de 2-3 defensores para entrar en China y llevarse el oro, que serán por ejemplo pelotas de tenis o de voleibol. Cuando un defensor toca a un jugador, este le roba una pelota. Gana el equipo que más pelotas tenga al final del tiempo.;6;18;10;5;13;0;0;Equilibrado;Táctica;./images/ejer62.png;1000 ejercicios/pág.20
83;Contrabandistas;De 1 a 3 defensores se sitúan en la zona central del campo, y el resto de jugadores a cada lado del campo. Los jugadores deben intentar cruzar al otro lado sin ser tocados, y si son tocados, se intercambian el rol con un defensor.;6;18;10;5;15;0;0;Equilibrado;Táctica;./images/ejer63.png;1000 ejercicios/pág.20
84;El círculo;De 6 a 8 jugadores se agarran por la mano y forman un círculo con un aro en el centro. Cada uno trata de mover a sus compañeros al centro del aro para que pierdan un punto.;6;18;5;6;24;0;0;Equilibrado;Físico;./images/ejer64.png;1000 ejercicios/pág.21
85;El director del circo;Se colocan unos aros en círculo, y a su alrededor tantos jugadores como aros. En el centro, un jugador suplementario es el director del circo. Cuando grita alto, él y todos los jugadores deben saltar a un aro, y quien se quede sin aro, ocupa la posición del director.;6;18;5;6;24;0;0;Equilibrado;Físico;./images/ejer65.png;1000 ejercicios/pág.21
86;Vuela, vuela;Todos los jugadores menos uno se sitúan dentro de un aro, el que no tiene debe hacer una señal para que todos corran y se cambien de aro. Se repite nuevamente con el nuevo jugador que se haya quedado sin aro.;6;18;5;6;24;0;0;Equilibrado;Físico;./images/ejer66.png;1000 ejercicios/pág.21
87;Círculo de reflejos;Un jugador corre alredededor de un círculo formado por sus compañeros sentados. Cuando quiera, le debe tocar el hombro a alguno y ambos saldrán corriendo dando la vuelta al círculo, hasta que uno de los dos la complete y se siente ocupano el hueco libre del círculo.;6;18;5;6;24;0;0;Equilibrado;Físico;./images/ejer67.png;1000 ejercicios/pág.22
88;Robo de la cinta;Un jugador frente a otro, cerca de la línea central. Entre los dos, un pañuelo colocado en el suelo. A una señal, cada uno trata de coger el pañuelo y correr hasta la línea de fondo del campo sin que le toque el compañero. Quien lo consigue, anota un punto. Se pueden usar distintas formas de carrera.;6;18;8;2;24;0;0;Equilibrado;Físico;./images/ejer68.png;1000 ejercicios/pág.22
89;Carrera de línea a línea;Dos jugadores se sitúan sobre una de las líneas que delimitan el campo. A una señal, corren hacia el otro lado, tocan la línea y vuelven. Se decidirá quien es el vencedor después de varios recorridos.;6;18;6;2;24;0;0;Equilibrado;Físico;;1000 ejercicios/pág.22
90;El toro;6-10 jugadores forman un círculo agarrándose por las muñecas. En el centro, el toro trata de salir, mientras todos los demás se esfuerzan por impedirlo. El jugador que deja salir al toro ocupa su lugar. Ganará aquel que haya hecho menos veces de toro.;6;18;6;8;24;0;0;Equilibrado;Físico;./images/ejer69.png;1000 ejercicios/pág.23
91;Cadeneta;Dos jugadores se cogen de la mano y son los cazadores. Cuando atrapan a otro, este se une a ellos, y así sucesivamente.;6;18;6;6;24;0;0;Equilibrado;Físico;./images/ejer70.png;1000 ejercicios/pág.23
92;Golpe con el pañuelo;El cazador trata de tocar a la liebre con un pañuelo. Si lo consigue, deja caer el pañuelo, la liebre lo recoge y pasa a actuar como cazador. Se puede empezar con un número variable de cazadores.;6;18;6;6;24;0;0;Equilibrado;Físico;./images/ejer71.png;1000 ejercicios/pág.24
93;Gato en casa;Se trata de perseguir a los compañeros e intentar tocarles. Cuando un jugador se para sobre un banco, no puede ser atrapado por el cazador.;6;18;6;6;24;0;0;Equilibrado;Físico;;1000 ejercicios/pág.24
94;Brujas y hadas;Los cazadores llevan un pañuelo y son brujas. Cuando tocan a una liebre, esta queda inmóvil en la posición que tenía en el momento de tocarla. Un hada buena, que lleva un pañuelo de otro color, puede liberar a las liebres tocándoles la mano.;6;18;6;6;24;0;0;Equilibrado;Físico;./images/ejer72.png;1000 ejercicios/pág.24
95;Persecución con colores;El cazador va pronunciando nombres de colores o materiales, y quien toca ese material o color no puede ser atrapado.;6;18;6;6;24;0;0;Equilibrado;Físico;;1000 ejercicios/pág.24
96;Persecución de ranas;Un solo cazador, que persigue a sus compañeros y cambia siempre de rol con la liebre que ha atrapado. No se puede coger a una liebre agachada, pero no se puede estar más de tres segundos en esa posición.;6;18;6;6;24;0;0;Equilibrado;Físico;./images/ejer73.png;1000 ejercicios/pág.24
97;Persecución con movimientos de voleibol;Liebres y cazadores se reparten en 2-3 grupos y se desplazan por el interior de un terreno de voleibol. Tres cazadores solo pueden atrapar a las liebres efectuando una voltereta. Las liebres solo pueden desplazarse con saltos laterales. Cuando una liebre ha sido tocada, se vuelve cazador. Gana el grupo con menor número de cazadores.;6;18;6;6;24;0;0;Defensa;Físico;./images/ejer74.png;1000 ejercicios/pág.25
98;Persecución con bloqueo;Sobre la mitad del campo, se sitúan dos cazadores. Una liebre no puede ser atrapada si efectúa un bloqueo en la red o frente a las paredes laterales. No se puede hacer dos veces seguidas un bloqueo en la red o en la misma pared. El jugador que ha sido tocado cambia de rol con el cazador.;6;18;6;6;30;0;0;Bloqueo;Físico;./images/ejer75.png;1000 ejercicios/pág.25
99;Por encima de la cuerda;Todos los jugadores se sitúan en el círculo central, mientras el organizador se coloca en medio. Hace girar una cuerda lastrada por encima del suelo. Los jugadores deben evitarla saltando con los pies juntos.;6;40;5;6;12;0;0;Equilibrado;Físico;./images/ejer76.png;1000 ejercicios/pág.26
100;Carrera con cámara de aire;Por tríos, uno se sienta en el suelo y los otros dos le arrastran por medio de una cámara de aire. La carrera se efectúa de una línea de fondo a la otra, cambiando cada vez los roles. Es vencedor el grupo que llega primero después de tres recorridos.;6;40;5;6;30;0;0;Equilibrado;Físico;./images/ejer77.png;1000 ejercicios/pág.26
101;La lucha de la cuerda;Los jugadores se reparten en dos grupos de fuerza equivalente, y cada uno de ellos se sitúa detrás de una de las líneas de fondo. A un toque de solbato corren hacia el centro del campo, agarran la cuerda y estiran.;6;40;5;6;12;0;0;Equilibrado;Físico;./images/ejer78.png;1000 ejercicios/pág.26
102;Carrera a cuatro patas;Todos los grupos están sentados en columnas detrás de la línea de fondo. A una señal, el primer jugador de cada grupo va a cuatro patas y hacia atrás hasta la línea central, y después vuelve hacia delante. Toca al jugador siguiente para pille el relevo y continúe.;6;40;5;6;30;0;0;Equilibrado;Físico;./images/ejer79.png;1000 ejercicios/pág.27
103;El círculo dentro del círculo;Los jugadores forman dos círculos en medio de un campo rectangular. Los círculos giran en sentidos opuestos. A una señal, los jugadores del círculo exterior deben ir a tocar uno de los lados pequeños del campo sin dejarse atrapar por los del círculo interior. Cda vez, se suman los puntos obtenidos por los cazadores y se intercambian los roles.;6;40;5;6;30;0;0;Equilibrado;Físico;./images/ejer80.png;1000 ejercicios/pág.27
104;Carrera por equipos;A una señal, cada equipo va a tocar la línea del fondo, y luego vuelve a su posición inicial. El equipo que llega primero se anota un punto. Se pueden realizar desplazamientos idénticos a los del voleibol.;6;40;5;6;30;0;0;Equilibrado;Físico;./images/ejer81.png;1000 ejercicios/pág.28
105;Relevo básico;Los primeros jugadores de cada grupo parten al mismo tiempo de la línea de fondo y corren alrededor de la estaca.;6;40;6;6;30;0;0;Equilibrado;Físico;./images/ejer82.png;1000 ejercicios/pág.28
106;Relevo circular;Al salir, cada equipo se halla en una esquina del campo de voleibol. Los jugadores dan la vuelta al campo, y pasan el testigo a los siguientes. Gana el equipo que completa primero un número dado de vueltas.;6;40;6;6;30;0;0;Equilibrado;Físico;;1000 ejercicios/pág.28
107;Relevos en túnel;3-4 jugadores separados en dos columnas iguales, frente a frente, uno sobre cada línea del campo. El último jugador del grupo de la primera línea corre hasta detrás del de la otra línea, pasa lo más rápido posible entre las piernas de los jugadores, luego vuelve a su grupo y da la salida al último jugador tocándole la mano. Gana el equipo que logra efectuar dos recorridos.;6;20;6;6;30;0;0;Equilibrado;Físico;./images/ejer83.png;1000 ejercicios/pág.28
108;Relevo de ranas;2-4 equipos están sentados detrás de la línea de fondo. Los jugadores recorren el trayecto marcado con saltos de rana. Cada uno da la salida al jugador siguiente tocándole la mano. Gana el equipo que recorre más trayectos en un tiempo dado.;6;20;8;6;30;0;0;Equilibrado;Físico;./images/ejer84.png;1000 ejercicios/pág.29
109;Relevo japonés;3-4 grupos parten de línea de fondo. El primer jugador toca todas las líneas transversales del campo de voleibol, pero no puede tocar la siguiente línea hasta haber tocado antes una segunda vez la anterior, y debe correr hacia delante y hacia atrás sin girarse. Da la salida al siguiente, tocándole la mano.;6;40;8;6;30;0;0;Equilibrado;Físico;./images/ejer85.png;1000 ejercicios/pág.29
110;Carrera de obstáculos;4-6 equipos están sentados detrás de la línea de fondo. A una señal, los primeros corren, reptan por debajo de los bancos u otro obstáculo, pasan alrededor de la estaca, vuelven a su punto de partida y tocan la mano al siguiente.;6;40;8;6;30;0;0;Equilibrado;Físico;./images/ejer86.png;1000 ejercicios/pág.29
111;Carrera en cruz;3-4 equipos están sentados en un banco. A una señal, se levantan los primeros de cada equipo, corren alrededor del banco en el sentido de las agujas del reloj y vuelven a su puesto. Los siguientes pueden salir en el momento en que reciben el testigo.;6;40;8;6;30;0;0;Equilibrado;Físico;;1000 ejercicios/pág.29
112;Rayuela;Los jugadores deben recorrer una serie de casillas saltando de una a otra según reglas definidas por el entrenador, como saltar a la pata coja o con las piernas separadas.;6;20;5;6;12;0;0;Equilibrado;Físico;./images/ejer87.png;1000 ejercicios/pág.30
113;Tenis;El balón debe rebotar una vez dentro del aro. Se comete falta cuando el balón rebota más de una vez después del aro. El balón debe rebotar a más de 50 cm del suelo.;6;40;3;2;20;0;0;Recepción;Físico;./images/ejer88.png;1000 ejercicios/pág.31
114;Pase a través de un aro;Dos jugadores fente a frente, separados por dos cuerdas. Se lanzan el balón con las dos manos, de tal modo que cada vez pase a través de un aro colgado a la cuerda. El orden de sucesión de los aros lo determina el receptor, que se lo dice en voz alta al compañero.;6;40;6;2;20;0;0;Recepción;Físico;./images/ejer89.png;1000 ejercicios/pág.32
115;Corto-largo-corto;Dos jugadores frente a frente, separados por una cuerda. Se lanzan el balón de tal modo que el compañero se halle una vez en una zona del campo y luego en otra distinta, establecido por un orden regular determinado al principio.;6;40;6;2;20;0;0;Recepción;Físico;./images/ejer90.png;1000 ejercicios/pág.32
116;Remate al blanco;Se lanzan o pasan balones, y los jugadores deben rematar apuntando a un balón medicinal colocado en un banco de gimnasia. Gana quien logre dar más veces a los blancos.;6;40;6;2;24;0;0;Remate;Técnica;./images/ejer91.png;1000 ejercicios/pág.32
117;Guerra de balones;Dos equipos, a uno y otro lado de la red. Al principio, cada jugador tiene un balón. A una señal, cada uno se esfuerza por entrar todos los balones en el campo rival mediante un saque, puede ser alto o bajo. Después de un tiempo dado, se cuentan los balones de cada campo.;6;40;6;6;24;0;0;Saque;Físico;./images/ejer92.png;1000 ejercicios/pág.33
118;Balón a la red;Dos equipos, cuyos jugadores tienen cada uno un balón, se sitúan frente a frente, detrás de las líneas de fondo. A una señal, todos lanzan el balón cinco veces hacia la red con un saque. El balón vuelve a la posición ed partida y el jueo dura hasta que todos hayan terminado.;6;40;6;6;24;0;0;Saque;Técnica;./images/ejer93.png;1000 ejercicios/pág.33
119;Relevo-saque;El primer jugador de un equipo de seis saca por encima de la red, corre acoger el balón y lo entrega al jugador siguiente.;6;40;6;6;24;0;0;Saque;Técnica;./images/ejer94.png;1000 ejercicios/pág.33
120;Béisbol-voleibol;Un jugador del equipo que está en la línea de fondo hace diferentes tipos de saque hacia el campo de voleibol. Después del saque, todo el equipo corre alrededor de una estaca y regresa detrás de la línea de fondo. El otro equipo ocupa todo el terreno y uno de sus miembros está al lado del aro. El equipo recibe el saque adverso y lo pasa al jugador del aro, quien lo deposita en su interior. Si en ese momento algunos jugadores del saque no han vuelto, no se consiguen puntos. Todos los que completan su recorrido anotan un punto, como en béisbol.;6;24;15;6;24;0;0;Saque;Táctica;./images/ejer95.png;1000 ejercicios/pág.33
121;Voley-ping-pong;A cada lado, dos grupos de tres jugadores frente a frente, detrás de la línea de fondo, en columna. El primero hace su pase y después se sitúa detrás de sus compañeros. Se pueden añadir pequeños castigos para quien cometa algunas faltas.;6;40;6;6;12;0;0;Saque;Técnica;./images/ejer96.png;1000 ejercicios/pág.34
122;La frontera;Al principio los dos equipos se sitúan frente a frente, cada uno en medio de su campo. El balón pasa de un lado a otro, con pase de dedos o antebrazos, y cada equipo intenta obligar al adversario a que vaya detrás de la línea de fondo.;6;40;6;6;24;0;0;Recepción;Técnica;./images/ejer97.png;1000 ejercicios/pág.34
123;La mosca;Dentro de los límites del campo de voleibol, dos jugadores se hacen pases en suspensión. El tercero trata de atrapar el balón. Si lo consigue, se sitúa en el lugar del último que ha tocado el balón.;6;40;8;6;24;0;0;Recepción;Técnica;./images/ejer98.png;1000 ejercicios/pág.34
124;Llamada;Un grupo se coloca en círculo, con un jugador en el centro. Este hace un pase alto y llama a un compañero, que ebe ir al centro y efectuar a su ves un pase alto llamando a otra persona.;6;40;8;6;24;0;0;Recepción;Técnica;./images/ejer99.png;1000 ejercicios/pág.35
125;Malabarismo;Todos los jugadores se desplazan en un espacio limitado haciendo malabarismos con un balón con pases a dos manos. Uno de ellos, que también hace malabarismos, es el cazador, y trata de tocar el balón de sus compañeros con el suyo.;6;24;6;6;24;0;0;Defensa;Técnica;./images/ejer100.png;1000 ejercicios/pág.35
126;Juego de bolos;Tres bolos, o balones de voleibol, se colocan sobre dos cajones. Dos jugadores los defienden atrapando el balón, o efectuando un bloqueo o un pase de antebrazos. Los atacantes se sitúan en círculo alrededor de los blancos y se hacen pases altos o de antebrazos hasta que haya una vía libre. Entonces, apuntan a los bolos con un remate o finta.;6;24;6;6;24;0;0;Defensa;Técnica;./images/ejer101.png;1000 ejercicios/pág.35
127;Voleibol en círculo;Por grupos, los jugadores en círculo se hacen pases de dedos o antebrazos lo más alto posible y cuentan los intercambios hasta que el  balón toca el suelo. Vence el equipo que se anota más puntos.;6;40;8;6;24;0;0;Recepción;Técnica;;1000 ejercicios/pág.35
128;Rondo;Varios jugadores se pasan el balón. Otro jugador intenta atraparlo o tocarlo con un bloqueo, defensa acrobática, etc. Cuando lo consigue, el jugador que ha cometido la falta ocupa su lugar;6;40;5;4;40;0;0;Defensa;Técnica;./images/ejer102.png;1000 ejercicios/pág.36
129;Relevo con rotación;En cada equipo, un jugador hace malabarismos desde la línea de fondo hasta la red, efectuando como mínimo tres rotaciones sobre sí mismo. Hace un pase por encima de la red, sigue al balón y hace un pase largo hacia la línea de fondo de donde ha partido. El siguiente jugador debe recuperar el balón desde detrás de la línea.;12;40;6;3;40;0;0;Equilibrado;Técnica;./images/ejer103.png;1000 ejercicios/pág.36
130;Balón en cascada;Los equipos forman círculos del mismo tamaño. El balón debe pasar de un jugador a otro y efectuar así un número dado de vueltas. Gana el equipo que termina primero.;6;40;5;5;40;0;0;Recepción;Técnica;./images/ejer104.png;1000 ejercicios/pág.36
131;Asalto a la ciudadela;Cuatro bancos de gimnasia forman un cuadrado en el centro de la sala. Dos jugadores están en el interior del cuadrado. Los otros se sitúan a unos 6 m y con gestos de voleibol intentan colocar todos los balones en el interior del cuadrado. Los defensores deben impedirlo solo con pases de antebrazos.;6;20;10;6;24;0;0;Defensa;Técnica;./images/ejer105.png;1000 ejercicios/pág.37
132;Balones al muro;Dos equipos frente a frente, con ayuda de 2-4 balones, tratan de tocar el muro en el interior de las marcas del rival. Los jugadores hacen pases largos, remates o lanzamientos con dos manos por encima de la red y permanecen detrás de la línea de 3 m. Defienden el balón con bloqueos o pases de antebrazos.;6;20;10;6;24;0;0;Equilibrado;Técnica;./images/ejer106.png;1000 ejercicios/pág.37
133;Balón al blanco;Dos equipos frente a frente, a uno y otro lado de la red. Cada uno trata de obtener puntos lanzando el balón por encima de la red sobre las colchonetas o aros del campo rival. Solo es válida la defensa mediante un bloqueo en la red.;6;40;8;2;40;0;0;Remate;Técnica;./images/ejer107.png;1000 ejercicios/pág.37
134;Intercepción;Los jugadores se distribuyen por equipos sobre el campo, dividido en cuatro partes. El equipo A hace pases o ataques con el equipo C, mientras los otros dos equipos tratan de interceptar el balón. Cuando lo consiguen, se intercambian los roles.;6;20;10;8;20;0;0;Recepción;Técnica;./images/ejer108.png;1000 ejercicios/pág.38
135;Guardián del aro;Uno de los jugadores está en medio y trata de impedir que los otros pasen el balón por un aro colgado de unas anillas. Quien falla su tiro o cuyo balón es tocado por el guardián, se coloca en el puesto de este último.;6;40;5;3;18;0;0;Defensa;Técnica;./images/ejer109.png;1000 ejercicios/pág.38
136;Blanco móvil con finta;Los jugadores tratan, haciendo fintas por encima de la red, de alcanzar al entrenador, que se desplaza continuamente sobre la línea de los 3 m. Los jugadores se lanzan ellos mismos el balón.;6;40;6;3;20;0;0;Remate;Técnica;./images/ejer110.png;1000 ejercicios/pág.38
137;Todos contra todos;Se lanza el balón al campo. Quien lo atrapa intenta tocar a otro jugador. Cada uno cuenta sus propios puntos. No se tiene derecho a desplazarse enter el momento en que se atrapa el balón y el momento en que se lanza.;6;20;5;4;40;0;0;Saque;Físico;./images/ejer111.png;1000 ejercicios/pág.39
